mentor_id,login_id,password,name
1000,mentor0,password123,Charles Acharya
1001,mentor1,password123,Isaiah Puri
1002,mentor2,password123,Siya Bose
1003,mentor3,password123,Elijah Bansal
1004,mentor4,password123,Luke Korpal
1005,mentor5,password123,Aarav Menon
1006,mentor6,password123,Chaitanya Luthra
1007,mentor7,password123,Sarthak Deshmukh
1008,mentor8,password123,Rishi Pandey
1009,mentor9,password123,Gaurangi Virk
1010,mentor10,password123,Harini Mani
1011,mentor11,password123,Arin Nazareth
1012,mentor12,password123,Adya Jhaveri
1013,mentor13,password123,Upadhriti Bail
1014,mentor14,password123,Brinda Gola
1015,mentor15,password123,Qarin Chand
1016,mentor16,password123,Amruta Jaggi
1017,mentor17,password123,Rajata Singhal
1018,mentor18,password123,Sanya Gola
1019,mentor19,password123,Wazir Cherian
1020,mentor20,password123,Om Saini
1021,mentor21,password123,Pranav Mutti
1022,mentor22,password123,Arunima Tata
1023,mentor23,password123,Saumya Malhotra
1024,mentor24,password123,Chatresh Hayre
1025,mentor25,password123,Neha Wali
1026,mentor26,password123,Nihal Sarna
1027,mentor27,password123,Varsha Goda
1028,mentor28,password123,Isha Sethi
1029,mentor29,password123,Chameli Chopra
1030,mentor30,password123,Netra Lall
1031,mentor31,password123,Dayita Samra
1032,mentor32,password123,Bhavna Randhawa
1033,mentor33,password123,Dev Saha
1034,mentor34,password123,Yagnesh Dua
1035,mentor35,password123,Zilmil Suri
1036,mentor36,password123,Nitesh Dash
1037,mentor37,password123,Victor Johal
1038,mentor38,password123,Qabil Soni
1039,mentor39,password123,Zilmil Naidu
1040,mentor40,password123,Rishi Dewan
1041,mentor41,password123,Avni More
1042,mentor42,password123,Mahika Narayanan
1043,mentor43,password123,Chaman Badal
1044,mentor44,password123,Nitara Date
1045,mentor45,password123,Kevin Murthy
1046,mentor46,password123,Sai Majumdar
1047,mentor47,password123,Gaurav Sahni
1048,mentor48,password123,Dayamai Rau
1049,mentor49,password123,Bhanumati Venkataraman
